<?xml version="1.0" ?>
<doc>
	<path>D:\pythonSpace\teach_demo\point_regression\data\image\1.png</path>
	<outputs>
		<object>
			<item>
				<name>point</name>
				<polygon>
					<x1>24</x1>
					<y1>25</y1>
					<x2>69</x2>
					<y2>18</y2>
					<x3>48</x3>
					<y3>45</y3>
					<x4>42</x4>
					<y4>72</y4>
					<x5>70</x5>
					<y5>67</y5>
					<x6>70</x6>
					<y6>67</y6>
				</polygon>
			</item>
		</object>
	</outputs>
	<time_labeled>1636786319253</time_labeled>
	<labeled>true</labeled>
	<size>
		<width>100</width>
		<height>100</height>
		<depth>3</depth>
	</size>
</doc>