<?xml version="1.0" ?>
<doc>
	<path>D:\pythonSpace\teach_demo\point_regression\data\image\12.png</path>
	<outputs>
		<object>
			<item>
				<name>point</name>
				<polygon>
					<x1>28</x1>
					<y1>27</y1>
					<x2>64</x2>
					<y2>18</y2>
					<x3>41</x3>
					<y3>49</y3>
					<x4>43</x4>
					<y4>76</y4>
					<x5>65</x5>
					<y5>71</y5>
					<x6>65</x6>
					<y6>71</y6>
				</polygon>
			</item>
		</object>
	</outputs>
	<time_labeled>1636786387651</time_labeled>
	<labeled>true</labeled>
	<size>
		<width>100</width>
		<height>100</height>
		<depth>3</depth>
	</size>
</doc>