<?xml version="1.0" ?>
<doc>
	<path>D:\pythonSpace\teach_demo\point_regression\data\image\14.png</path>
	<outputs>
		<object>
			<item>
				<name>point</name>
				<polygon>
					<x1>26</x1>
					<y1>26</y1>
					<x2>66</x2>
					<y2>21</y2>
					<x3>45</x3>
					<y3>51</y3>
					<x4>42</x4>
					<y4>76</y4>
					<x5>68</x5>
					<y5>73</y5>
					<x6>68</x6>
					<y6>73</y6>
				</polygon>
			</item>
		</object>
	</outputs>
	<time_labeled>1636786418200</time_labeled>
	<labeled>true</labeled>
	<size>
		<width>100</width>
		<height>100</height>
		<depth>3</depth>
	</size>
</doc>