<?xml version="1.0" ?>
<doc>
	<path>D:\pythonSpace\teach_demo\point_regression\data\image\15.png</path>
	<outputs>
		<object>
			<item>
				<name>point</name>
				<polygon>
					<x1>25</x1>
					<y1>25</y1>
					<x2>66</x2>
					<y2>20</y2>
					<x3>44</x3>
					<y3>51</y3>
					<x4>41</x4>
					<y4>76</y4>
					<x5>69</x5>
					<y5>72</y5>
					<x6>69</x6>
					<y6>72</y6>
				</polygon>
			</item>
		</object>
	</outputs>
	<time_labeled>1636786433947</time_labeled>
	<labeled>true</labeled>
	<size>
		<width>100</width>
		<height>100</height>
		<depth>3</depth>
	</size>
</doc>