<?xml version="1.0" ?>
<doc>
	<path>D:\pythonSpace\teach_demo\point_regression\data\image\17.png</path>
	<outputs>
		<object>
			<item>
				<name>point</name>
				<polygon>
					<x1>27</x1>
					<y1>26</y1>
					<x2>65</x2>
					<y2>21</y2>
					<x3>41</x3>
					<y3>50</y3>
					<x4>38</x4>
					<y4>74</y4>
					<x5>60</x5>
					<y5>72</y5>
					<x6>60</x6>
					<y6>72</y6>
				</polygon>
			</item>
		</object>
	</outputs>
	<time_labeled>1636786462063</time_labeled>
	<labeled>true</labeled>
	<size>
		<width>100</width>
		<height>100</height>
		<depth>3</depth>
	</size>
</doc>