<?xml version="1.0" ?>
<doc>
	<path>D:\pythonSpace\teach_demo\point_regression\data\image\6.png</path>
	<outputs>
		<object>
			<item>
				<name>point</name>
				<polygon>
					<x1>29</x1>
					<y1>21</y1>
					<x2>61</x2>
					<y2>20</y2>
					<x3>36</x3>
					<y3>47</y3>
					<x4>35</x4>
					<y4>70</y4>
					<x5>57</x5>
					<y5>70</y5>
					<x6>57</x6>
					<y6>70</y6>
				</polygon>
			</item>
		</object>
	</outputs>
	<time_labeled>1636786576923</time_labeled>
	<labeled>true</labeled>
	<size>
		<width>100</width>
		<height>100</height>
		<depth>3</depth>
	</size>
</doc>