<?xml version="1.0" ?>
<doc>
	<path>D:\pythonSpace\teach_demo\point_regression\data\image\0.png</path>
	<outputs>
		<object>
			<item>
				<name>point</name>
				<polygon>
					<x1>26</x1>
					<y1>26</y1>
					<x2>72</x2>
					<y2>18</y2>
					<x3>50</x3>
					<y3>44</y3>
					<x4>41</x4>
					<y4>75</y4>
					<x5>71</x5>
					<y5>68</y5>
					<x6>71</x6>
					<y6>67</y6>
				</polygon>
			</item>
		</object>
	</outputs>
	<time_labeled>1636786273734</time_labeled>
	<labeled>true</labeled>
	<size>
		<width>100</width>
		<height>100</height>
		<depth>3</depth>
	</size>
</doc>