<?xml version="1.0" ?>
<doc>
	<path>D:\pythonSpace\teach_demo\point_regression\data\image\11.png</path>
	<outputs>
		<object>
			<item>
				<name>point</name>
				<polygon>
					<x1>28</x1>
					<y1>28</y1>
					<x2>63</x2>
					<y2>19</y2>
					<x3>43</x3>
					<y3>52</y3>
					<x4>46</x4>
					<y4>77</y4>
					<x5>67</x5>
					<y5>71</y5>
					<x6>67</x6>
					<y6>71</y6>
				</polygon>
			</item>
		</object>
	</outputs>
	<time_labeled>1636786370790</time_labeled>
	<labeled>true</labeled>
	<size>
		<width>100</width>
		<height>100</height>
		<depth>3</depth>
	</size>
</doc>