<?xml version="1.0" ?>
<doc>
	<path>D:\pythonSpace\teach_demo\point_regression\data\image\13.png</path>
	<outputs>
		<object>
			<item>
				<name>point</name>
				<polygon>
					<x1>25</x1>
					<y1>26</y1>
					<x2>66</x2>
					<y2>20</y2>
					<x3>42</x3>
					<y3>50</y3>
					<x4>40</x4>
					<y4>77</y4>
					<x5>67</x5>
					<y5>73</y5>
					<x6>67</x6>
					<y6>73</y6>
				</polygon>
			</item>
		</object>
	</outputs>
	<time_labeled>1636786402498</time_labeled>
	<labeled>true</labeled>
	<size>
		<width>100</width>
		<height>100</height>
		<depth>3</depth>
	</size>
</doc>