<?xml version="1.0" ?>
<doc>
	<path>D:\pythonSpace\teach_demo\point_regression\data\image\16.png</path>
	<outputs>
		<object>
			<item>
				<name>point</name>
				<polygon>
					<x1>25</x1>
					<y1>22</y1>
					<x2>67</x2>
					<y2>17</y2>
					<x3>43</x3>
					<y3>48</y3>
					<x4>40</x4>
					<y4>74</y4>
					<x5>68</x5>
					<y5>70</y5>
					<x6>68</x6>
					<y6>70</y6>
				</polygon>
			</item>
		</object>
	</outputs>
	<time_labeled>1636786449151</time_labeled>
	<labeled>true</labeled>
	<size>
		<width>100</width>
		<height>100</height>
		<depth>3</depth>
	</size>
</doc>