<?xml version="1.0" ?>
<doc>
	<path>D:\pythonSpace\teach_demo\point_regression\data\image\5.png</path>
	<outputs>
		<object>
			<item>
				<name>point</name>
				<polygon>
					<x1>23</x1>
					<y1>21</y1>
					<x2>68</x2>
					<y2>22</y2>
					<x3>45</x3>
					<y3>49</y3>
					<x4>35</x4>
					<y4>72</y4>
					<x5>64</x5>
					<y5>71</y5>
					<x6>64</x6>
					<y6>71</y6>
				</polygon>
			</item>
		</object>
	</outputs>
	<time_labeled>1636786561575</time_labeled>
	<labeled>true</labeled>
	<size>
		<width>100</width>
		<height>100</height>
		<depth>3</depth>
	</size>
</doc>