<?xml version="1.0" ?>
<doc>
	<path>D:\pythonSpace\teach_demo\point_regression\data\image\7.png</path>
	<outputs>
		<object>
			<item>
				<name>point</name>
				<polygon>
					<x1>26</x1>
					<y1>23</y1>
					<x2>71</x2>
					<y2>21</y2>
					<x3>49</x3>
					<y3>47</y3>
					<x4>36</x4>
					<y4>72</y4>
					<x5>66</x5>
					<y5>71</y5>
					<x6>66</x6>
					<y6>71</y6>
				</polygon>
			</item>
		</object>
	</outputs>
	<time_labeled>1636786590316</time_labeled>
	<labeled>true</labeled>
	<size>
		<width>100</width>
		<height>100</height>
		<depth>3</depth>
	</size>
</doc>