<?xml version="1.0" ?>
<doc>
	<path>D:\pythonSpace\teach_demo\point_regression\data\image\8.png</path>
	<outputs>
		<object>
			<item>
				<name>point</name>
				<polygon>
					<x1>27</x1>
					<y1>20</y1>
					<x2>69</x2>
					<y2>21</y2>
					<x3>47</x3>
					<y3>49</y3>
					<x4>35</x4>
					<y4>71</y4>
					<x5>63</x5>
					<y5>71</y5>
					<x6>63</x6>
					<y6>71</y6>
				</polygon>
			</item>
		</object>
	</outputs>
	<time_labeled>1636786603198</time_labeled>
	<labeled>true</labeled>
	<size>
		<width>100</width>
		<height>100</height>
		<depth>3</depth>
	</size>
</doc>